,job,company,country,address,time,link
0,Senior Java(APAC market)-2 months Bonus ,KMS Technology,"
United States
",Da Nang,3 giờ trước,https://itviec.com/viec-lam-it/senior-java-apac-market-2-month-bonus-kms-technology-1132?lab_feature=preview_jd_page
1,"2 Senior Android Developer (Java,JSON)",Dirox,"
Thứ 2 - Thứ 6
",Ha Noi,3 giờ trước,https://itviec.com/viec-lam-it/2-senior-android-developer-java-kotlin-dirox-2410?lab_feature=preview_jd_page
2,Java Technical Lead (Joining Bonus),Bosch Global Software Technologies Company Limited,"
Germany
",Hot,3 giờ trước,https://itviec.com/viec-lam-it/java-technical-lead-joining-bonus-bosch-global-software-technologies-company-limited-0437?lab_feature=preview_jd_page
3,Senior JAVA Engineer,Adnovum Vietnam,"
Switzerland
",Da Nang,3 giờ trước,https://itviec.com/viec-lam-it/senior-java-engineer-adnovum-vietnam-3624?lab_feature=preview_jd_page
4,"Java Developers (Spring, MVC) - Upto 65M",NTT DATA VDS,"
Italy
",Ha Noi,4 giờ trước,https://itviec.com/viec-lam-it/java-developers-spring-mvc-upto-65m-ntt-data-vds-1438?lab_feature=preview_jd_page
5,Java Backend (Middle/ Senior) ~2000 USD,Dr.JOY,"
Japan
",Ho Chi Minh,4 giờ trước,https://itviec.com/viec-lam-it/java-backend-middle-senior-2000-usd-dr-joy-0320?lab_feature=preview_jd_page
6,Java Technical Manager,Success Software Services,"
Vietnam
",Others,4 giờ trước,https://itviec.com/viec-lam-it/java-technical-manager-success-software-services-1052?lab_feature=preview_jd_page
7,Java Backend (Middle/ Senior) ~2000 USD,Dr.JOY,"
Japan
",Hot,4 giờ trước,https://itviec.com/viec-lam-it/java-backend-middle-senior-2000-usd-dr-joy-0218?lab_feature=preview_jd_page
8,Junior Java (APAC market)-1 month Bonus,KMS Technology,"
United States
",Ho Chi Minh,5 giờ trước,https://itviec.com/viec-lam-it/junior-java-apac-market-1-month-bonus-kms-technology-4409?lab_feature=preview_jd_page
9,Java Backend Engineer (Fintech) ~2000$,Finhay,"
Vietnam
",Others,5 giờ trước,https://itviec.com/viec-lam-it/java-backend-engineer-fintech-2000-finhay-3532?lab_feature=preview_jd_page
10,Mid/Senior Java Dev - $2500 (+Bonus),Saigon Technology,"
Vietnam
",Ho Chi Minh,6 giờ trước,https://itviec.com/viec-lam-it/mid-senior-java-dev-2500-bonus-saigon-technology-5139?lab_feature=preview_jd_page
11,Java Developer (Signing bonus up to 40M),Viettel Software Services (A Member of Viettel Group),"
Thứ 2 - Thứ 6
",Hot,6 giờ trước,https://itviec.com/viec-lam-it/java-developer-signing-bonus-up-to-40m-viettel-software-services-a-member-of-viettel-group-1805?lab_feature=preview_jd_page
12,10 Senior/Middle Java Web Devs (Spring),PAL TECH,"
Singapore
",Ho Chi Minh,6 giờ trước,https://itviec.com/viec-lam-it/10-senior-middle-java-web-devs-spring-pal-tech-5602?lab_feature=preview_jd_page
13,"Senior Android Developer (Java, Kotlin)",Vega Corporation,"
Vietnam
",Ho Chi Minh,6 giờ trước,https://itviec.com/viec-lam-it/senior-android-developer-java-kotlin-vega-corporation-4641?lab_feature=preview_jd_page
14,"Backend Java Developer (Spring, SQL)",ABBANK,"
Vietnam
",Hot,6 giờ trước,https://itviec.com/viec-lam-it/backend-java-developer-spring-sql-abbank-2129?lab_feature=preview_jd_page
15,Senior Java Developers ,TP&P Technology,"
United States
",Ho Chi Minh,6 giờ trước,https://itviec.com/viec-lam-it/senior-java-developers-tp-p-technology-3719?lab_feature=preview_jd_page
16,"Full-stack Java Dev (SQL, JavaScript)",Scandinavian Software Park,"
Sweden
",Ha Noi,8 giờ trước,https://itviec.com/viec-lam-it/full-stack-java-dev-sql-javascript-scandinavian-software-park-5219?lab_feature=preview_jd_page
17,"Back-end Dev (Java, Spring, AWS)",Công ty TNHH Kegmil Việt Nam,"
Singapore
",Hot,8 giờ trước,https://itviec.com/viec-lam-it/back-end-dev-java-spring-database-cong-ty-tnhh-kegmil-viet-nam-2540?lab_feature=preview_jd_page
18,"DevOps Engineer (Java/JavaScript, AWS)",ABBANK,"
Vietnam
",Ha Noi,9 giờ trước,https://itviec.com/viec-lam-it/devops-engineer-java-javascript-aws-abbank-5831?lab_feature=preview_jd_page
19,JAVA/HYBRIS developer (JOINING BONUS),Bosch Global Software Technologies Company Limited,"
Germany
",Ha Noi,9 giờ trước,https://itviec.com/viec-lam-it/java-hybris-developer-joining-bonus-bosch-global-software-technologies-company-limited-4708?lab_feature=preview_jd_page
20,5 Java Developer (1-4 years – Up to 2k$),HCL Vietnam Company Limited,"
India
",Ho Chi Minh,1 ngày trước,https://itviec.com/viec-lam-it/5-java-developer-1-4-years-up-to-2k-hcl-vietnam-company-limited-5858?lab_feature=preview_jd_page
21,Java Developer (Spring/MySQL) ~ 2000$,DAC Data Technology Vietnam - Hanoi Office,"
Vietnam
",Hot,1 ngày trước,https://itviec.com/viec-lam-it/java-developer-spring-mysql-2000-dac-data-technology-vietnam-hanoi-office-1736?lab_feature=preview_jd_page
22,"3 Senior Java Dev - Spring Boot, SQL ",Rakus Vietnam Company,"
Japan
",Ho Chi Minh,1 ngày trước,https://itviec.com/viec-lam-it/3-java-senior-dev-spring-boot-sql-rakus-vietnam-company-5847?lab_feature=preview_jd_page
23,Java Engineer - 1-month joining bonus,Orient Software Development Corp.,"
Singapore
",Ha Noi,1 ngày trước,https://itviec.com/viec-lam-it/senior-java-engineer-orient-software-development-corp-5648?lab_feature=preview_jd_page
24,"Senior Java Engineer (OOP, Spring)",FPT Software,"
Vietnam
",Hot,1 ngày trước,https://itviec.com/viec-lam-it/senior-java-engineer-oop-spring-fpt-software-1156?lab_feature=preview_jd_page
25,"03 Backend Engineer (Java,Python,Golang)",VINBIGDATA,"
Vietnam
",Ha Noi,1 ngày trước,https://itviec.com/viec-lam-it/software-engineer-python-java-vinbigdata-1703?lab_feature=preview_jd_page
26,Java Developer (All level),Shinhan Finance Vietnam,"
Vietnam
",Ho Chi Minh,1 ngày trước,https://itviec.com/viec-lam-it/java-developer-all-level-shinhan-finance-vietnam-4235?lab_feature=preview_jd_page
27,Angular Developer/Java Developer ,TTC Solutions,"
Vietnam
",Hot,1 ngày trước,https://itviec.com/viec-lam-it/angular-developer-java-developer-ttc-solutions-5353?lab_feature=preview_jd_page
28,Middle/Senior Java Developer,NEC Vietnam,"
Japan
",Ho Chi Minh,1 ngày trước,https://itviec.com/viec-lam-it/middle-senior-java-developer-nec-vietnam-5605?lab_feature=preview_jd_page
29,Middle/ Senior Developer (Java/ .NET),NEC Vietnam,"
Japan
",Ho Chi Minh,1 ngày trước,https://itviec.com/viec-lam-it/middle-senior-developer-java-net-nec-vietnam-3604?lab_feature=preview_jd_page
30,[TG2] Java Developer (Spring) - 2Z088,TNG Holdings Vietnam,"
Vietnam
",Ha Noi,1 ngày trước,https://itviec.com/viec-lam-it/tg2-java-developer-spring-2z088-tng-holdings-vietnam-4404?lab_feature=preview_jd_page
31,Solution Architect (Java) Full Tet Bonus,Tyme,"
Singapore
",Hot,1 ngày trước,https://itviec.com/viec-lam-it/solution-architect-tyme-3456?lab_feature=preview_jd_page
32,Backend Tech Lead (Java) Full Tet Bonus,Tyme,"
Singapore
",Ho Chi Minh,1 ngày trước,https://itviec.com/viec-lam-it/backend-technical-leader-java-tyme-2140?lab_feature=preview_jd_page
33,"Sr Java Developer (Java, Microservices)",Hung Thinh Corporation,"
Vietnam
",Ha Noi,1 ngày trước,https://itviec.com/viec-lam-it/sr-java-developer-java-microservices-hung-thinh-corporation-3947?lab_feature=preview_jd_page
34,"Senior Java Engineers (Spring, J2EE)",TAPTAP,"
Singapore
",Ho Chi Minh,1 ngày trước,https://itviec.com/viec-lam-it/senior-java-engineers-spring-j2ee-taptap-0303?lab_feature=preview_jd_page
35,"Backend Dev (Java, Python, Spring)",Viettel Group,"
Thứ 2 - Thứ 6
",Hot,1 ngày trước,https://itviec.com/viec-lam-it/backend-dev-java-python-spring-viettel-group-2033?lab_feature=preview_jd_page
36,"Giám Sát & Vận Hành HT (Java, C++, PHP)",Viettel Group,"
Thứ 2 - Thứ 6
",Ho Chi Minh,1 ngày trước,https://itviec.com/viec-lam-it/giam-sat-van-hanh-ht-java-c-php-viettel-group-0721?lab_feature=preview_jd_page
37,"5 Quality Control (QA QC, Java, Android)",Viettel Group,"
Thứ 2 - Thứ 6
",Ha Noi,1 ngày trước,https://itviec.com/viec-lam-it/5-quality-control-qa-qc-java-android-viettel-group-1258?lab_feature=preview_jd_page
38,Kỹ sư phát triển phần mềm (Java/Python),Viettel Group,"
Thứ 2 - Thứ 6
",Hot,1 ngày trước,https://itviec.com/viec-lam-it/ky-su-phat-trien-phan-mem-java-python-viettel-group-1753?lab_feature=preview_jd_page
39,"Senior Backend Engineer (Java, Lambda)",Backbase,"
Singapore
",Ha Noi,1 ngày trước,https://itviec.com/viec-lam-it/senior-backend-engineer-java-spring-backbase-1238?lab_feature=preview_jd_page
40,02 Devs (Python/Java Android/Angular),WorldFusion Vietnam,"
Thứ 2 - Thứ 6
",Ha Noi,2 ngày trước,https://itviec.com/viec-lam-it/02-devs-python-java-android-angular-worldfusion-vietnam-4210?lab_feature=preview_jd_page
41,"Senior Fullstack Developer (Java, React)",Zuhlke Engineering Vietnam,"
Switzerland
",Hot,2 ngày trước,https://itviec.com/viec-lam-it/senior-fullstack-developer-java-react-zuhlke-engineering-vietnam-2910?lab_feature=preview_jd_page
42,Senior Backend Engineer (Java),Doctor Anywhere,"
Singapore
",Ha Noi,2 ngày trước,https://itviec.com/viec-lam-it/senior-backend-engineer-java-doctor-anywhere-3554?lab_feature=preview_jd_page
43,Back end Developer (Java/NodeJS),Mirae Asset Finance,"
South Korea
",Ho Chi Minh,2 ngày trước,https://itviec.com/viec-lam-it/back-end-developer-java-nodejs-mirae-asset-finance-3349?lab_feature=preview_jd_page
44,Senior Backend Software Engineer (Java),NOVA INTECHS,"
Vietnam
",Hot,2 ngày trước,https://itviec.com/viec-lam-it/senior-backend-engineer-java-php-mysql-nova-intechs-4449?lab_feature=preview_jd_page
45,Senior Android Developer (Java/Kotlin),Hitachi Vantara,"
United States
",Ho Chi Minh,2 ngày trước,https://itviec.com/viec-lam-it/senior-android-developer-hitachi-vantara-0107?lab_feature=preview_jd_page
46,"Senior Android Engineer (Kotlin, Java)",Zuhlke Engineering Vietnam,"
Switzerland
",Ho Chi Minh,2 ngày trước,https://itviec.com/viec-lam-it/senior-android-engineer-kotlin-java-zuhlke-engineering-ltd-0854?lab_feature=preview_jd_page
47,"Analyst, JAVA Application Development",Sun Life Vietnam Insurance Company Limited,"
Thứ 2 - Thứ 6
",Hot,2 ngày trước,https://itviec.com/viec-lam-it/analyst-java-application-development-sun-life-vietnam-insurance-company-limited-4923?lab_feature=preview_jd_page
48,Sr Back End-API & OAT (NodeJS/Java/PHP),Qamera Design,"
United States
",Ho Chi Minh,2 ngày trước,https://itviec.com/viec-lam-it/sr-back-end-api-oat-nodejs-java-php-qamera-design-3952?lab_feature=preview_jd_page
49,"Kỹ sư cầu nối (BrSE, Java, PHP) ~2500$",City Ascom Việt Nam,"
Vietnam
",Ho Chi Minh,2 ngày trước,https://itviec.com/viec-lam-it/ky-su-cau-noi-brse-java-php-2500-city-ascom-viet-nam-1729?lab_feature=preview_jd_page
50,05 Java Developer (Senior / Middle),UNIT Corp,"
Vietnam
",Hot,2 ngày trước,https://itviec.com/viec-lam-it/05-java-developer-senior-middle-unit-corp-0852?lab_feature=preview_jd_page
51,"Back-End Developer (Java, Spring)",M_Service (MoMo),"
Vietnam
",Ho Chi Minh,2 ngày trước,https://itviec.com/viec-lam-it/back-end-developer-java-spring-m_service-momo-0206?lab_feature=preview_jd_page
52,"Backend Developer (Java, .NET)",HDBank,"
Vietnam
",Ho Chi Minh,2 ngày trước,https://itviec.com/viec-lam-it/backend-developer-java-net-hdbank-5223?lab_feature=preview_jd_page
53,Java Team Leader/ Senior - Up to 48M,"Toshiba Software Development (Viet Nam) Co, Ltd","
Japan
",Hot,2 ngày trước,https://itviec.com/viec-lam-it/java-team-leader-senior-up-to-48m-toshiba-software-development-viet-nam-co-ltd-3723?lab_feature=preview_jd_page
54,"Senior Back-end Engineer (Golang, Java)",Ninja Van Tech Lab,"
Singapore
",Ho Chi Minh,2 ngày trước,https://itviec.com/viec-lam-it/senior-back-end-engineer-golang-java-ninja-van-tech-lab-4759?lab_feature=preview_jd_page
55,"Software Developer (C/C++, Java)",SHINHAN DS,"
South Korea
",Ho Chi Minh,2 ngày trước,https://itviec.com/viec-lam-it/software-developer-c-c-java-shinhan-ds-1806?lab_feature=preview_jd_page
56,"Technical Architect (Java, AWS, GCP)","CADDI VIETNAM Co., Ltd.","
Japan
",Da Nang,3 ngày trước,https://itviec.com/viec-lam-it/technical-architect-java-aws-gcp-caddi-vietnam-co-ltd-3047?lab_feature=preview_jd_page
57,"Software Engineer (C/C++, Java) - DN",LG Vehicle Component Solutions Development Center Vietnam (LG VS DCV),"
Thứ 2 - Thứ 6
",Hot,3 ngày trước,https://itviec.com/viec-lam-it/software-engineer-c-c-java-dn-lg-vehicle-component-solutions-development-center-vietnam-lg-vs-dcv-1937?lab_feature=preview_jd_page
58,"Full Stack Developer (Java, JavaScript)",mgm technology partners Vietnam,"
Germany
",Ho Chi Minh,3 ngày trước,https://itviec.com/viec-lam-it/full-stack-developer-java-javascript-mgm-technology-partners-vietnam-2328?lab_feature=preview_jd_page
59,Android Developer (Java),Bosch Global Software Technologies Company Limited,"
Germany
",Da Nang,3 ngày trước,https://itviec.com/viec-lam-it/android-developer-java-bosch-global-software-technologies-company-limited-4504?lab_feature=preview_jd_page
60,[Fintech/ E-commerce] Backend Dev (Java),Velacorp,"
Thứ 2 - Thứ 6
",Ha Noi,3 ngày trước,https://itviec.com/viec-lam-it/fintech-e-commerce-backend-dev-java-velacorp-2019?lab_feature=preview_jd_page
61,"Test Engineer (QA QC, Tester, Java)",Swisslog Vietnam,"
Thứ 2 - Thứ 6
",Hot,3 ngày trước,https://itviec.com/viec-lam-it/test-engineer-qa-qc-tester-java-swisslog-vietnam-4316?lab_feature=preview_jd_page
62,Singapore Java Fullstack (Spring) ~$3000,Integro Technologies,"
Vietnam
",Ha Noi,3 ngày trước,https://itviec.com/viec-lam-it/singapore-java-fullstack-spring-3000-integro-technologies-4136?lab_feature=preview_jd_page
63,"CVC/CVCC Big Data (Java, Python, Oracle)",Ngân hàng TMCP Tiên Phong | TPBank ,"
Vietnam
",Ho Chi Minh,3 ngày trước,https://itviec.com/viec-lam-it/cvc-cvcc-big-data-java-python-oracle-ngan-hang-tmcp-tien-phong-tpbank-0820?lab_feature=preview_jd_page
64,Software Engineer (Java/C++),Coc Coc,"
Vietnam
",Hot,3 ngày trước,https://itviec.com/viec-lam-it/java-dev-linux-mysql-coc-coc-1438?lab_feature=preview_jd_page
65,"Senior Java Developer (Java, Spring)",VIET CAPITAL SECURITIES JOINT STOCK COMPANY,"
Vietnam
",Ho Chi Minh,3 ngày trước,https://itviec.com/viec-lam-it/senior-java-developer-viet-capital-securities-joint-stock-company-0252?lab_feature=preview_jd_page
66,"Java Developers (Spring,Oracle)",VNPT Media Software,"
Vietnam
",Ho Chi Minh,4 ngày trước,https://itviec.com/viec-lam-it/java-developers-spring-oracle-vnpt-media-software-3253?lab_feature=preview_jd_page
67,"Backend Leader (Java, Spring)",LARION,"
Vietnam
",Ha Noi,4 ngày trước,https://itviec.com/viec-lam-it/backend-leader-java-spring-larion-2959?lab_feature=preview_jd_page
68,"Senior/Team Leader Java (Java,Agile) ",Travel and Pay Software Solutions,"
Germany
",Hot,4 ngày trước,https://itviec.com/viec-lam-it/senior-team-leader-java-java-agile-travel-and-pay-software-solutions-2914?lab_feature=preview_jd_page
69,"Java Developer (Mid, Senior)",Laudert Vietnam,"
Germany
",Ho Chi Minh,4 ngày trước,https://itviec.com/viec-lam-it/java-developer-mid-senior-laudert-vietnam-5405?lab_feature=preview_jd_page
70,"All Levels Java Dev (Spring, OOP)~$2500",Hybrid Technologies,"
Japan
",Ha Noi,4 ngày trước,https://itviec.com/viec-lam-it/all-levels-java-dev-spring-oop-2500-hybrid-technologies-5817?lab_feature=preview_jd_page
71,Senior Solution Dev Java/NodeJS/ReactJS,Otto International,"
Hong Kong
",Ha Noi,4 ngày trước,https://itviec.com/viec-lam-it/remote-solution-dev-java-nodejs-reactjs-otto-international-2337?lab_feature=preview_jd_page
72,"Java Engineer (J2EE, SQL) - Up to $2000",Swisslog Vietnam,"
Thứ 2 - Thứ 6
",Hot,4 ngày trước,https://itviec.com/viec-lam-it/java-engineer-j2ee-sql-up-to-2000-swisslog-vietnam-4724?lab_feature=preview_jd_page
73,Software Engineer (Java/ React Native),Dat Bike,"
Vietnam
",Ha Noi,4 ngày trước,https://itviec.com/viec-lam-it/software-engineer-java-react-native-dat-bike-0200?lab_feature=preview_jd_page
74,Java Developer (Middle/Senior Level),"Lotte Data Communicaton Co., Ltd Vietnam","
Thứ 2 - Thứ 6
",Ha Noi,4 ngày trước,https://itviec.com/viec-lam-it/java-developer-middle-senior-level-lotte-data-communicaton-co-ltd-vietnam-1213?lab_feature=preview_jd_page
75,[All level] Java/.Net/ReactJS Dev ~$1000,Bkav,"
Thứ 2 - Thứ 7
",Hot,4 ngày trước,https://itviec.com/viec-lam-it/all-level-java-net-reactjs-dev-1000-bkav-2613?lab_feature=preview_jd_page
76,.NET/Java/NodeJS Backend Developer ~40M,AT Soft,"
Vietnam
",Ha Noi,4 ngày trước,https://itviec.com/viec-lam-it/net-java-nodejs-backend-developer-40m-at-soft-1217?lab_feature=preview_jd_page
77,Urgent 05 Java FullStack Developer,Tap Hospitality Vietnam,"
Japan
",Ho Chi Minh,4 ngày trước,https://itviec.com/viec-lam-it/urgent-05-java-fullstack-developer-tap-hospitality-vietnam-4739?lab_feature=preview_jd_page
78,Senior Architect (.NET/Java/C#) - SOB,Netcompany,"
Thứ 2 - Thứ 6
",Hot,4 ngày trước,https://itviec.com/viec-lam-it/senior-architect-net-java-c-sob-netcompany-4743?lab_feature=preview_jd_page
79,(Senior) IT Consultant (Java/.NET) - SOB,Netcompany,"
Thứ 2 - Thứ 6
",Ho Chi Minh,4 ngày trước,https://itviec.com/viec-lam-it/senior-it-consultant-java-net-c-sob-netcompany-5212?lab_feature=preview_jd_page
80,5 Mid Java Developers (SQL/Spring) ,Goline Corporation,"
Vietnam
",Ha Noi,4 ngày trước,https://itviec.com/viec-lam-it/5-mid-java-developers-sql-spring-goline-corporation-3705?lab_feature=preview_jd_page
81,Data Engineer Lead (Java/Python/Scala),OSP Software,"
Vietnam
",Hot,4 ngày trước,https://itviec.com/viec-lam-it/leader-data-engineer-java-python-osp-software-2607?lab_feature=preview_jd_page
82,URGENT Sr Backend (Java/Ruby)-Upto $4500,GOGOX Tech Hub,"
Hong Kong
",Ha Noi,4 ngày trước,https://itviec.com/viec-lam-it/urgent-sr-backend-java-ruby-upto-4500-gogox-tech-hub-1636?lab_feature=preview_jd_page
83,Backend Engineer (Java),Hash Consulting Group,"
Singapore
",Ha Noi,4 ngày trước,https://itviec.com/viec-lam-it/backend-engineer-java-mysql-spring-hash-consulting-group-0040?lab_feature=preview_jd_page
84,Java / Golang Engineer (All levels),KBTG Vietnam,"
Thailand
",Hot,4 ngày trước,https://itviec.com/viec-lam-it/software-engineer-all-levels-java-go-kbtg-vietnam-0505?lab_feature=preview_jd_page
85,(Senior) Java Developer (HN/HCM),One Mount Group,"
Vietnam
",Ha Noi,4 ngày trước,https://itviec.com/viec-lam-it/senior-java-developer-hn-hcm-one-mount-group-3215?lab_feature=preview_jd_page
86,Senior Java Engineer - Up to $3000++,LINE Vietnam,"
South Korea
",Ho Chi Minh,5 ngày trước,https://itviec.com/viec-lam-it/senior-java-engineer-up-to-3000-line-vietnam-4225?lab_feature=preview_jd_page
87,"ZaloPay, Staff Software Engineer (Java)",VNG Corporation,"
Vietnam
",Hot,5 ngày trước,https://itviec.com/viec-lam-it/zalopay-staff-software-engineer-vng-corporation-4159?lab_feature=preview_jd_page
88,Mid/Senior Java Developer (JOING BONUS),ZAMO,"
Vietnam
",Ho Chi Minh,6 ngày trước,https://itviec.com/viec-lam-it/mid-senior-java-developer-joing-bonus-zamo-2408?lab_feature=preview_jd_page
89,Java Developer (Linux),DEK Technologies,"
Australia
",Ho Chi Minh,6 ngày trước,https://itviec.com/viec-lam-it/java-developer-linux-dek-technologies-1627?lab_feature=preview_jd_page
90,"10 Java Dev (Spring, PostgreSql) ~$2000",Tap Hospitality Vietnam,"
Japan
",Ho Chi Minh,7 ngày trước,https://itviec.com/viec-lam-it/10-java-dev-spring-postgresql-2000-tap-hospitality-vietnam-1639?lab_feature=preview_jd_page
91,"Java Developer ( J2EE, Spring, English)",Innotech Vietnam Corporation,"
United States
",Ho Chi Minh,7 ngày trước,https://itviec.com/viec-lam-it/java-developer-time-flexible-innotech-vietnam-corporation-5638?lab_feature=preview_jd_page
92,"(Senior) Java Engineers (Spring, NoSQL)",Absolute Software (Vietnam) Ltd,"
Canada
",Hot,7 ngày trước,https://itviec.com/viec-lam-it/senior-java-engineers-spring-nosql-absolute-software-vietnam-ltd-5819?lab_feature=preview_jd_page
93,Mid/Senior Java Software Engineers,Katalon,"
United States
",Ho Chi Minh,7 ngày trước,https://itviec.com/viec-lam-it/mid-senior-java-software-engineers-katalon-5107?lab_feature=preview_jd_page
94,Senior QA/ QC Engineer (Tester/Java) ,Absolute Software (Vietnam) Ltd,"
Canada
",Ha Noi,7 ngày trước,https://itviec.com/viec-lam-it/senior-qa-qc-engineer-tester-java-absolute-software-vietnam-ltd-5748?lab_feature=preview_jd_page
95,Technical Lead (.Net/Java/ Japanese),NEC Vietnam,"
Japan
",Ho Chi Minh,7 ngày trước,https://itviec.com/viec-lam-it/senior-developer-technical-leader-nec-vietnam-5631?lab_feature=preview_jd_page
96,[Hybrid-HN] Senior Java Dev-Upto 2500$,SETA International Vietnam,"
United States
",Hot,7 ngày trước,https://itviec.com/viec-lam-it/java-developer-spring-mysql-seta-international-vietnam-5207?lab_feature=preview_jd_page
97,Backend Developer (Java) ,Viettel Post (A Member of Viettel Group),"
Thứ 2 - Thứ 7
",Ha Noi,7 ngày trước,https://itviec.com/viec-lam-it/backend-developer-java-viettel-post-a-member-of-viettel-group-3445?lab_feature=preview_jd_page
98,Android Engineer (Java/ Kotlin),Fossil Vietnam,"
United States
",Ho Chi Minh,7 ngày trước,https://itviec.com/viec-lam-it/android-engineer-java-kotlin-fossil-vietnam-3959?lab_feature=preview_jd_page
99,"Machine Learning Engineer (Java, Python)",Dai-ichi Life Việt Nam,"
Japan
",Ho Chi Minh,7 ngày trước,https://itviec.com/viec-lam-it/machine-learning-engineer-java-python-dai-ichi-life-viet-nam-5455?lab_feature=preview_jd_page
100,10 Java Developer (Freshers + Junior),SAI Digital,"
Vietnam
",Ho Chi Minh,11 ngày trước,https://itviec.com/viec-lam-it/10-java-developer-freshers-junior-sai-digital-1431?lab_feature=preview_jd_page
101,03 Backend Developer (Java/Scala),REVER,"
Vietnam
",Hot,11 ngày trước,https://itviec.com/viec-lam-it/backend-developer-java-scala-rever-1550?lab_feature=preview_jd_page
102,Sr/Principal Backend Java ~$5k - Hybrid,LeapXpert,"
Hong Kong
",Ho Chi Minh,11 ngày trước,https://itviec.com/viec-lam-it/sr-principal-backend-java-5k-hybrid-leapxpert-3817?lab_feature=preview_jd_page
103,Java API Dev (Spring) Full Tet Bonus,Tyme,"
Singapore
",Ho Chi Minh,11 ngày trước,https://itviec.com/viec-lam-it/java-api-developer-spring-tyme-2021?lab_feature=preview_jd_page
104,Backend Developer (Java/Spring/NodeJS),Công ty Cổ phần Chứng khoán KIS Việt Nam,"
Vietnam
",Hot,11 ngày trước,https://itviec.com/viec-lam-it/backend-developer-java-spring-nodejs-cong-ty-co-phan-chung-khoan-kis-viet-nam-5330?lab_feature=preview_jd_page
105,Android Engineer (Java Kotlin) ,Limeade (Tinypulse),"
United States
",Ho Chi Minh,11 ngày trước,https://itviec.com/viec-lam-it/android-engineer-java-kotlin-limeade-tinypulse-2129?lab_feature=preview_jd_page
106,Senior 5 Java Backend Developer,LIG TECHNOLOGIES VIETNAM,"
Japan
",Ho Chi Minh,11 ngày trước,https://itviec.com/viec-lam-it/senior-5-java-backend-developer-lig-technologies-vietnam-3838?lab_feature=preview_jd_page
107,"Sr Data Engineer (SQL/MySQL, Java, .Net)",Hung Thinh Corporation,"
Vietnam
",Ha Noi,11 ngày trước,https://itviec.com/viec-lam-it/sr-data-engineer-sql-mysql-java-net-hung-thinh-corporation-0028?lab_feature=preview_jd_page
108,"Senior DEVELOPER (Java, JSP, Spring)",Posco ICT Vietnam,51-150,Hot,14 ngày trước,https://itviec.com/viec-lam-it/senior-developer-java-jsp-spring-posco-ict-vietnam-5502?lab_feature=preview_jd_page
109,"Fullstack Developer (JAVA,.NET, PL/SQL)",HDBank,"
Vietnam
",Ho Chi Minh,14 ngày trước,https://itviec.com/viec-lam-it/fullstack-developer-java-net-pl-sql-hdbank-3907?lab_feature=preview_jd_page
110,JAVA Developer (Mid/Sr) Remote Fulltime ,Open Web Technology,"
Vietnam
",Ha Noi,14 ngày trước,https://itviec.com/viec-lam-it/java-developer-mid-sr-remote-fulltime-open-web-technology-4759?lab_feature=preview_jd_page
111,"Backend Developer (Java, NodeJS, Python)","CQL CO., LTD","
Vietnam
",Ho Chi Minh,14 ngày trước,https://itviec.com/viec-lam-it/backend-developer-java-nodejs-python-cql-co-ltd-0256?lab_feature=preview_jd_page
112,Java Technical Lead - Joining Bonus,ELCA,"
Switzerland
",Ha Noi,3 giờ trước,https://itviec.com/viec-lam-it/java-technical-lead-elca-4737?lab_feature=preview_jd_page
113,"Java Developer (OOP, Spring)",Muki Vietnam,"
Vietnam
",Hot,3 giờ trước,https://itviec.com/viec-lam-it/java-developer-oop-spring-muki-vietnam-5342?lab_feature=preview_jd_page
114,Oracle Developer (Java / OOP),CÔNG TY TNHH HIPTECH,"
Vietnam
",Ho Chi Minh,12 giờ trước,https://itviec.com/viec-lam-it/oracle-developer-java-oop-cong-ty-tnhh-hiptech-1614?lab_feature=preview_jd_page
115,Java Developer,BE Solutions,"
Singapore
",Ha Noi,12 giờ trước,https://itviec.com/viec-lam-it/java-developer-be-solutions-4951?lab_feature=preview_jd_page
116,"Backend Engineer (Java,SpringBoot)",Knorex ,"
Singapore
",Ho Chi Minh,12 giờ trước,https://itviec.com/viec-lam-it/backend-engineer-java-springboot-mysql-knorex-0959?lab_feature=preview_jd_page
117,"Java Developer (Spring, MySQL)",Spiraledge,"
United States
",Hot,12 giờ trước,https://itviec.com/viec-lam-it/java-developer-spring-mysql-spiraledge-3749?lab_feature=preview_jd_page
118,Android Developer(Java/Kotlin)-Up to 65M,NTT DATA VDS,"
Italy
",Ho Chi Minh,1 ngày trước,https://itviec.com/viec-lam-it/android-developer-java-kotlin-up-to-65m-ntt-data-vds-1505?lab_feature=preview_jd_page
119,"Web Developer (Cake PHP, Laravel, Java)",IVC (ISB Vietnam),"
Thứ 2 - Thứ 6
",Ho Chi Minh,1 ngày trước,https://itviec.com/viec-lam-it/web-developer-cake-php-laravel-java-ivc-isb-vietnam-2512?lab_feature=preview_jd_page
120,"Backend Developer (NodeJS, Java, Scala)",Sieu Viet Solution,"
Vietnam
",Ha Noi,6 ngày trước,https://itviec.com/viec-lam-it/backend-developer-nodejs-java-scala-sieu-viet-solution-0858?lab_feature=preview_jd_page
121,"Low-code Dev (Java, Angular, Salesforce)",DataHouse Asia,"
United States
",Ha Noi,6 ngày trước,https://itviec.com/viec-lam-it/low-code-dev-java-angular-salesforce-datahouse-asia-2435?lab_feature=preview_jd_page
122,Java Developer,FE CREDIT,"
Vietnam
",Da Nang,7 ngày trước,https://itviec.com/viec-lam-it/java-developer-pega-system-fe-credit-2837?lab_feature=preview_jd_page
123,"Java Developer (MySQL, Spring)",GZONE MEDIA,"
Vietnam
",Ho Chi Minh,7 ngày trước,https://itviec.com/viec-lam-it/java-developer-mysql-spring-gzone-media-3448?lab_feature=preview_jd_page
124,"Java Developer (Spring Boot, J2EE)",Sutrix Solutions,"
Vietnam
",Da Nang,7 ngày trước,https://itviec.com/viec-lam-it/java-developer-spring-j2ee-sutrix-solutions-3934?lab_feature=preview_jd_page
125,5 Java Fullstack Developer,HCL Vietnam Company Limited,"
India
",Ho Chi Minh,7 ngày trước,https://itviec.com/viec-lam-it/5-java-fullstack-developer-hcl-vietnam-company-limited-0016?lab_feature=preview_jd_page
126,"Back-End Developer (Java, Spring)~3000$",Công ty Cổ phần Chứng khoán An Bình,"
Vietnam
",Ho Chi Minh,7 ngày trước,https://itviec.com/viec-lam-it/back-end-developer-java-spring-3000-cong-ty-co-phan-chung-khoan-an-binh-4640?lab_feature=preview_jd_page
127,"Java Developer (Da Nang, HCMC)",mgm technology partners Vietnam,"
Germany
",Ho Chi Minh,7 ngày trước,https://itviec.com/viec-lam-it/java-developer-da-nang-hcmc-mgm-technology-partners-vietnam-2139?lab_feature=preview_jd_page
128,"Software Engineer (Java, Javascript)",Edulog Vietnam,"
United States
",Ha Noi,7 ngày trước,https://itviec.com/viec-lam-it/software-engineer-java-javascript-edulog-vietnam-0544?lab_feature=preview_jd_page
129,"Technical Lead (Java, ReactJS, AWS)",GFT Technologies Vietnam,"
Germany
",Ha Noi,7 ngày trước,https://itviec.com/viec-lam-it/technical-lead-java-reactjs-aws-gft-technologies-vietnam-0650?lab_feature=preview_jd_page
130,"QA Automation (Java, Selenium) ~ $2000",CODE88 COMPANY LIMITED,"
Singapore
",Ho Chi Minh,8 ngày trước,https://itviec.com/viec-lam-it/software-qa-automation-engineer-2-000-code88-company-limited-4221?lab_feature=preview_jd_page
131,02 Senior Java Developer (J2EE/Spring),Home Credit Vietnam ,"
Czechia
",Ho Chi Minh,8 ngày trước,https://itviec.com/viec-lam-it/02-senior-java-developer-j2ee-spring-home-credit-vietnam-1620?lab_feature=preview_jd_page
132,Senior/Team Leader Java (IoT/US) ~$3000,VMO Holdings,"
Thứ 2 - Thứ 6
",Ho Chi Minh,8 ngày trước,https://itviec.com/viec-lam-it/senior-team-leader-java-iot-us-3000-vmo-holdings-1943?lab_feature=preview_jd_page
133,"Java Devs (Spring Boot, Jquery, SQL)",DTS Software Vietnam,"
Japan
",Ha Noi,8 ngày trước,https://itviec.com/viec-lam-it/java-devs-spring-boot-jquery-sql-dts-software-vietnam-2956?lab_feature=preview_jd_page
134,Java Dev (Kotlin/VueJS/Azure)~2000$,Usol Vietnam,"
Thứ 2 - Thứ 6
",Ho Chi Minh,8 ngày trước,https://itviec.com/viec-lam-it/java-dev-kotlin-vuejs-azure-2000-usol-vietnam-4438?lab_feature=preview_jd_page
135,"Java Developers (OOP, SQL, Spring)",Codix,"
France
",Ha Noi,8 ngày trước,https://itviec.com/viec-lam-it/java-developers-oop-sql-spring-codix-4717?lab_feature=preview_jd_page
136,"AI Developers (Java, Python)",Ngân hàng TMCP Tiên Phong | TPBank ,"
Vietnam
",Ha Noi,9 ngày trước,https://itviec.com/viec-lam-it/ai-developers-java-python-ngan-hang-tmcp-tien-phong-tpbank-0814?lab_feature=preview_jd_page
137,Data Engineer (SQL/Python/Java),Jio Health,"
Vietnam
",Ha Noi,9 ngày trước,https://itviec.com/viec-lam-it/data-engineer-sql-python-java-jio-health-0831?lab_feature=preview_jd_page
138,"Middle Java Developer (Spring, MySQL)",Ominext,"
Japan
",Ho Chi Minh,9 ngày trước,https://itviec.com/viec-lam-it/middle-java-developer-spring-mysql-ominext-4338?lab_feature=preview_jd_page
139,"JAVA Developer (Spring, web) ~ 1600$",VNPT EPAY,"
Thứ 2 - Thứ 6
",Da Nang,9 ngày trước,https://itviec.com/viec-lam-it/java-developer-spring-web-1600-vnpt-epay-2525?lab_feature=preview_jd_page
140,Application Support (Java),Localize Direct,"
Sweden
",Ho Chi Minh,10 ngày trước,https://itviec.com/viec-lam-it/solution-engineer-gaming-localize-direct-0538?lab_feature=preview_jd_page
141,CVCC Ứng dụng Core & Thẻ (Java/.NET),Ngân hàng TMCP Tiên Phong | TPBank ,"
Vietnam
",Ho Chi Minh,10 ngày trước,https://itviec.com/viec-lam-it/cvcc-ung-dung-core-the-java-net-ngan-hang-tmcp-tien-phong-tpbank-0854?lab_feature=preview_jd_page
142,Junior/ Middle/ Senior Java Developers,Inceptionlabs,"
Singapore
",Ha Noi,10 ngày trước,https://itviec.com/viec-lam-it/junior-java-developers-inceptionlabs-1311?lab_feature=preview_jd_page
143,"Senior Java Developer (SQL, Spring)",Persol Process & Technology Việt Nam,"
Japan
",Ha Noi,10 ngày trước,https://itviec.com/viec-lam-it/senior-java-developer-sql-spring-persol-process-technology-viet-nam-5334?lab_feature=preview_jd_page
144,Lead Backend Engineer (Java),VinID (A member of One Mount Group),"
Vietnam
",Ho Chi Minh,10 ngày trước,https://itviec.com/viec-lam-it/lead-backend-engineer-java-vinid-a-member-of-one-mount-group-3049?lab_feature=preview_jd_page
145,Backend Developer (NodeJS/Python/Java) ,BRICKMATE GROUP VIETNAM,"
South Korea
",Ho Chi Minh,10 ngày trước,https://itviec.com/viec-lam-it/backend-developer-python-nodejs-java-brickmate-group-vietnam-1300?lab_feature=preview_jd_page
146,Lập trình viên Java/NodeJS/ReactJS,Trung tâm công nghệ thông tin MobiFone,"
Thứ 2 - Thứ 6
",Ho Chi Minh,10 ngày trước,https://itviec.com/viec-lam-it/lap-trinh-vien-java-nodejs-reactjs-trung-tam-cong-nghe-thong-tin-mobifone-2233?lab_feature=preview_jd_page
147,JAVA Software Engineer,Adnovum Vietnam,"
Switzerland
",Ho Chi Minh,10 ngày trước,https://itviec.com/viec-lam-it/java-software-engineer-adnovum-vietnam-4328?lab_feature=preview_jd_page
148,Full-Stack Dev (Java/NodeJS - All Level),"Phoenix Renewable Services Co., Ltd","
United States
",Ha Noi,10 ngày trước,https://itviec.com/viec-lam-it/full-stack-developer-java-reactjs-all-phoenix-renewable-services-co-ltd-1619?lab_feature=preview_jd_page
149,"Android Developer (Native, Java)",Lozi,"
Vietnam
",Ha Noi,10 ngày trước,https://itviec.com/viec-lam-it/android-developer-native-java-lozi-3606?lab_feature=preview_jd_page
150,Senior Java Developer - Joining Bonus,SecuTix,"
Switzerland
",Ho Chi Minh,11 ngày trước,https://itviec.com/viec-lam-it/senior-java-developer-secutix-5819?lab_feature=preview_jd_page
151,"[Urgent] - 03 Java Developer (J2EE, MVC)",Dai-ichi Life Việt Nam,"
Japan
",Ho Chi Minh,11 ngày trước,https://itviec.com/viec-lam-it/urgent-03-java-developer-j2ee-mvc-dai-ichi-life-viet-nam-2513?lab_feature=preview_jd_page
152,"Sr/Lead Backend Engineers (Java, Spring)",EPAM,"
United States
",Ha Noi,11 ngày trước,https://itviec.com/viec-lam-it/sr-lead-backend-engineers-java-spring-epam-3953?lab_feature=preview_jd_page
153,"Software Engineer (Java, Spring)",EPAM,"
United States
",Da Nang,11 ngày trước,https://itviec.com/viec-lam-it/java-developers-spring-english-epam-4302?lab_feature=preview_jd_page
154,"Software Developer (PHP, Java, .NET)",Toàn Thắng,301-500,Ha Noi,11 ngày trước,https://itviec.com/viec-lam-it/software-developer-php-java-net-toan-thang-3830?lab_feature=preview_jd_page
155,"Backend Developer (Java, Spring, SQL)",TK LIGHTING JSC,"
Vietnam
",Da Nang,11 ngày trước,https://itviec.com/viec-lam-it/backend-developer-java-spring-sql-tk-lighting-jsc-5633?lab_feature=preview_jd_page
156,5 Junior Java Developer (Spring/SQL),Goline Corporation,"
Vietnam
",Ho Chi Minh,11 ngày trước,https://itviec.com/viec-lam-it/5-junior-java-developer-spring-sql-goline-corporation-5459?lab_feature=preview_jd_page
157,Back-End Developer (Java) - Up to $2000,"Lotte Data Communicaton Co., Ltd Vietnam","
Thứ 2 - Thứ 6
",Ho Chi Minh,11 ngày trước,https://itviec.com/viec-lam-it/back-end-developer-java-up-to-2000-lotte-data-communicaton-co-ltd-vietnam-5013?lab_feature=preview_jd_page
158,(Senior/Middle/Junior) Java Developer,Magnolia,"
Switzerland
",Ho Chi Minh,11 ngày trước,https://itviec.com/viec-lam-it/senior-middle-junior-java-developer-magnolia-0631?lab_feature=preview_jd_page
159,10 Jr/Sr Backend Dev (NodeJS/Java/C++),NEXON DEV VINA ,"
South Korea
",Ho Chi Minh,11 ngày trước,https://itviec.com/viec-lam-it/10-jr-sr-backend-dev-nodejs-java-c-nexon-dev-vina-3132?lab_feature=preview_jd_page
160,"Application Dev (Java, C#, Oracle, SQL)",Kien Long Bank,"
Thứ 2 - Thứ 6
",Ha Noi,13 ngày trước,https://itviec.com/viec-lam-it/lap-trinh-vien-kien-long-bank-3910?lab_feature=preview_jd_page
161,Senior/ Leader Java Developer (Database),Vietsoftware International JSC,"
Vietnam
",Ho Chi Minh,13 ngày trước,https://itviec.com/viec-lam-it/senior-leader-java-developer-database-vietsoftware-international-jsc-5350?lab_feature=preview_jd_page
162,"Data Engineer Python, Java, Oracle 2000$",Công ty Cổ phần Chứng khoán An Bình,"
Vietnam
",Ha Noi,13 ngày trước,https://itviec.com/viec-lam-it/data-engineer-python-java-cong-ty-co-phan-chung-khoan-an-binh-5047?lab_feature=preview_jd_page
163,Java Architect,IT-Development Vietnam,"
France
",Ho Chi Minh,13 ngày trước,https://itviec.com/viec-lam-it/sr-java-architect-hcm-danang-it-development-vietnam-0637?lab_feature=preview_jd_page
164,"2 Backend Dev (Java, Spring, SQL)",BlueBottle Digital Việt Nam,"
Vietnam
",Ha Noi,14 ngày trước,https://itviec.com/viec-lam-it/2-backend-dev-java-spring-sql-bluebottle-digital-viet-nam-4856?lab_feature=preview_jd_page
165,Fullstack Developer (Java/ C#/ ReactJS),POETA,"
Canada
",Ha Noi,14 ngày trước,https://itviec.com/viec-lam-it/fullstack-developer-poeta-0310?lab_feature=preview_jd_page
166,"Data Engineer (SQL/ MySQL, Java/ .NET)",Hung Thinh Corporation,"
Vietnam
",Ha Noi,14 ngày trước,https://itviec.com/viec-lam-it/data-engineer-sql-mysql-java-net-hung-thinh-corporation-5659?lab_feature=preview_jd_page
167,Senior Software Dev (Java/MySQL/DevOps),MB Bank,"
Thứ 2 - Thứ 6
",Ha Noi,14 ngày trước,https://itviec.com/viec-lam-it/senior-software-developer-java-script-mb-bank-2854?lab_feature=preview_jd_page
168,All Level - Backend Dev (Java/NodeJS),Smartee Vina,"
South Korea
",Ho Chi Minh,14 ngày trước,https://itviec.com/viec-lam-it/all-level-backend-dev-java-nodejs-smartee-vina-4019?lab_feature=preview_jd_page
169,"Jr/Sr Android Developer (Java, Kotlin)",CELEBe Korea,"
South Korea
",Ho Chi Minh,14 ngày trước,https://itviec.com/viec-lam-it/jr-sr-android-developer-java-kotlin-celebe-korea-5423?lab_feature=preview_jd_page
170,Fullstack Developer (Java/ Angular),Velotrade,"
Hong Kong
",Ha Noi,14 ngày trước,https://itviec.com/viec-lam-it/fullstack-developer-java-angular-velotrade-2924?lab_feature=preview_jd_page
171,Backend Developer (JAVA),Ngân Hàng Á Châu | ACB,"
Vietnam
",Ha Noi,14 ngày trước,https://itviec.com/viec-lam-it/backend-developer-java-ngan-hang-a-chau-acb-3548?lab_feature=preview_jd_page
172,"Sr Fullstack Engineer (Java, React)",Doctor Anywhere,"
Singapore
",Ho Chi Minh,14 ngày trước,https://itviec.com/viec-lam-it/sr-fullstack-engineer-java-reactjs-doctor-anywhere-4740?lab_feature=preview_jd_page
173,Java Developer (Spring/MySQL),ATI JSC,"
Vietnam
",Ho Chi Minh,14 ngày trước,https://itviec.com/viec-lam-it/java-developer-spring-mysql-ati-jsc-5001?lab_feature=preview_jd_page
174,"Java Dev (Spring, J2EE, OOP) All Levels",Hahalolo,"
Vietnam
",Ho Chi Minh,14 ngày trước,https://itviec.com/viec-lam-it/java-dev-spring-j2ee-oop-all-levels-hahalolo-4850?lab_feature=preview_jd_page
175,Remote Backend Developer (Java),METRO.digital,"
Germany
",Ho Chi Minh,14 ngày trước,https://itviec.com/viec-lam-it/remote-backend-developer-java-metro-digital-3034?lab_feature=preview_jd_page
176,(Senior) Backend Engineer (Java),NAVER VIETNAM,"
South Korea
",Ha Noi,15 ngày trước,https://itviec.com/viec-lam-it/senior-backend-engineer-java-naver-vietnam-3623?lab_feature=preview_jd_page
177,Junior/Senior 5 Java Backend Developer,LIG TECHNOLOGIES VIETNAM,"
Japan
",Ha Noi,15 ngày trước,https://itviec.com/viec-lam-it/junior-senior-5-java-backend-up-to-3000-lig-technologies-vietnam-1453?lab_feature=preview_jd_page
178,Senior Java Developer,Generali Vietnam Life Insurance,"
Thứ 2 - Thứ 6
",Ho Chi Minh,15 ngày trước,https://itviec.com/viec-lam-it/senior-java-developer-generali-vietnam-life-insurance-5037?lab_feature=preview_jd_page
179,Java Developer -Joining bonus/US Product,Simpson Strong-Tie Vietnam,"
United States
",Ho Chi Minh,15 ngày trước,https://itviec.com/viec-lam-it/java-developer-e-commerce-us-product-simpson-strong-tie-vietnam-4705?lab_feature=preview_jd_page
180,Backend Engineer(NodeJS/Java/JavaScript),NOVAGROUP,"
Vietnam
",Ho Chi Minh,17 ngày trước,https://itviec.com/viec-lam-it/backend-engineer-nodejs-java-javascript-novagroup-4842?lab_feature=preview_jd_page
181,[HCM] 6 Backend Developers (Java/Golang),VNPAY,"
Vietnam
",Ho Chi Minh,17 ngày trước,https://itviec.com/viec-lam-it/hcm-6-backend-developers-java-golang-vnpay-5034?lab_feature=preview_jd_page
182,[S2K] Java Developer (Spring/J2EE) T8061,CMC Global,"
Thứ 2 - Thứ 6
",Ho Chi Minh,17 ngày trước,https://itviec.com/viec-lam-it/s2k-java-developer-spring-j2ee-t8061-cmc-global-2707?lab_feature=preview_jd_page
183,Jr Java Developer (Spring/SQL) -SL 50,Smart – Solutions Việt Nam,"
Vietnam
",Ho Chi Minh,17 ngày trước,https://itviec.com/viec-lam-it/jr-java-developer-spring-sql-smart-solutions-viet-nam-3031?lab_feature=preview_jd_page
184,Java Developer (Spring/MySQL) ,Grooo International JSC,"
South Korea
",Ha Noi,17 ngày trước,https://itviec.com/viec-lam-it/java-developer-spring-mysql-grooo-international-jsc-2807?lab_feature=preview_jd_page
185,Jr./Mid Developer (PHP/Java) ,AI&T,"
Vietnam
",Ho Chi Minh,17 ngày trước,https://itviec.com/viec-lam-it/jr-mid-developer-php-java-ai-t-1752?lab_feature=preview_jd_page
186,Mid/Senior/Lead Backend Engineer (Java) - Sign on-bonus,NAB Innovation Centre Vietnam,"
Australia
",Ha Noi,17 ngày trước,https://itviec.com/viec-lam-it/mid-senior-lead-backend-engineer-java-nab-innovation-centre-vietnam-0721?lab_feature=preview_jd_page
187,(Fresher/ Junior) Java Engineer,Magnolia,"
Switzerland
",Ho Chi Minh,17 ngày trước,https://itviec.com/viec-lam-it/fresher-junior-java-engineer-magnolia-0835?lab_feature=preview_jd_page
188,"Android Developer (Java, Kotlin, OOP)",Công Ty Cổ Phần Công Nghệ Healthcare Now (HENO),"
Vietnam
",Ha Noi,17 ngày trước,https://itviec.com/viec-lam-it/android-developer-java-kotlin-oop-cong-ty-co-phan-cong-nghe-healthcare-now-heno-1708?lab_feature=preview_jd_page
189,"2 Fullstack Dev (ReactJS, NodeJS, Java)",BlueBottle Digital Việt Nam,"
Vietnam
",Ha Noi,17 ngày trước,https://itviec.com/viec-lam-it/2-fullstack-dev-reactjs-nodejs-java-bluebottle-digital-viet-nam-3526?lab_feature=preview_jd_page
190,"Java Web Developer (Spring, SQL)",ELEMENT6,"
Singapore
",Ho Chi Minh,17 ngày trước,https://itviec.com/viec-lam-it/java-web-developer-spring-sql-element6-0114?lab_feature=preview_jd_page
191,"Automation Tester (Java, Python)",Ngân hàng TMCP Tiên Phong | TPBank ,"
Vietnam
",Ha Noi,17 ngày trước,https://itviec.com/viec-lam-it/automation-tester-java-python-ngan-hang-tmcp-tien-phong-tpbank-1002?lab_feature=preview_jd_page
192,"Backend Dev (Java, Golang)",DNSE,"
Vietnam
",Ho Chi Minh,18 ngày trước,https://itviec.com/viec-lam-it/backend-dev-java-golang-dnse-1110?lab_feature=preview_jd_page
193,"Backend Developer (Ruby, Java, PHP)",Limeade (Tinypulse),"
United States
",Ha Noi,18 ngày trước,https://itviec.com/viec-lam-it/backend-developer-ruby-java-php-limeade-tinypulse-3340?lab_feature=preview_jd_page
194,Senior Backend Engineer (Java) ,VinID (A member of One Mount Group),"
Vietnam
",Ha Noi,18 ngày trước,https://itviec.com/viec-lam-it/senior-backend-engineer-java-vinid-a-member-of-one-mount-group-3036?lab_feature=preview_jd_page
195,Senior Java Developer ,Laudert Vietnam,"
Germany
",Ha Noi,18 ngày trước,https://itviec.com/viec-lam-it/senior-java-developer-laudert-vietnam-3811?lab_feature=preview_jd_page
196,Backend Developer (Go/Java/Nodejs/.NET) ,GHN,"
Vietnam
",Ho Chi Minh,19 ngày trước,https://itviec.com/viec-lam-it/backend-developer-go-java-nodejs-net-ghn-4730?lab_feature=preview_jd_page
197,Full-Stack Java Developer - Up to 2000$,MEGAZONE,"
South Korea
",Ha Noi,19 ngày trước,https://itviec.com/viec-lam-it/full-stack-java-developer-up-to-2000-megazone-5646?lab_feature=preview_jd_page
198,Sr/Jr Backend Engineer (Java/Spring),VINBRAIN,"
Vietnam
",Ho Chi Minh,19 ngày trước,https://itviec.com/viec-lam-it/sr-jr-backend-engineer-java-spring-vinbrain-0830?lab_feature=preview_jd_page
199,5-9 Sr. Frontend Backend-Java/React/.NET,Futa Bus Lines,"
Vietnam
",Ha Noi,19 ngày trước,https://itviec.com/viec-lam-it/5-9-sr-frontend-backend-java-react-net-futa-bus-lines-4200?lab_feature=preview_jd_page
200,Senior Software Engineer (Java),Smart Pay,"
Vietnam
",Ho Chi Minh,22 ngày trước,https://itviec.com/viec-lam-it/senior-software-engineer-java-smart-pay-1830?lab_feature=preview_jd_page
201,[Remote] Senior Java Developer (Spring),Jitera,"
Japan
",Ho Chi Minh,22 ngày trước,https://itviec.com/viec-lam-it/remote-senior-java-developer-spring-jitera-2842?lab_feature=preview_jd_page
202,"Java Developer (MySQL, Spring, Oracle)","CJ OLIVENETWORKS VINA CO., LTD","
South Korea
",Ho Chi Minh,22 ngày trước,https://itviec.com/viec-lam-it/java-developer-mysql-spring-oracle-cj-olivenetworks-vina-co-ltd-2525?lab_feature=preview_jd_page
203,"Jr/Sr Backend Dev (Java, MySQL, Spring)",Ecom365 ,"
Vietnam
",Ha Noi,22 ngày trước,https://itviec.com/viec-lam-it/backend-developer-java-mysql-spring-ecom365-4216?lab_feature=preview_jd_page
204,[DI3] Java Developer (Spring) - 1Y441,MSB,"
Vietnam
",Ho Chi Minh,23 ngày trước,https://itviec.com/viec-lam-it/di3-java-developer-spring-1y441-msb-0656?lab_feature=preview_jd_page
205,"Software Engineer (Python, NodeJS, Java)",Athena Studio,"
United Arab Emirates
",Ha Noi,23 ngày trước,https://itviec.com/viec-lam-it/software-engineer-python-nodejs-java-athena-studio-1710?lab_feature=preview_jd_page
206,Back-end Developer (Java Springboot),Công ty Cổ phần Chứng khoán VPBank,"
Vietnam
",Ho Chi Minh,23 ngày trước,https://itviec.com/viec-lam-it/back-end-developer-java-springboot-cong-ty-co-phan-chung-khoan-vpbank-1350?lab_feature=preview_jd_page
207,"Java Developer (SQL, Spring)",Techcombank,"
Vietnam
",Ho Chi Minh,23 ngày trước,https://itviec.com/viec-lam-it/java-developer-sql-spring-techcombank-0149?lab_feature=preview_jd_page
208,IT Java Developer (All Level),Trung tâm Fico – TPBank ,"
Vietnam
",Ho Chi Minh,23 ngày trước,https://itviec.com/viec-lam-it/it-java-developer-all-level-trung-tam-fico-tpbank-3628?lab_feature=preview_jd_page
209,Sr Fullstack Dev (.Net/Java/ReactJS),Hanwha Life Vietnam,"
South Korea
",Ho Chi Minh,23 ngày trước,https://itviec.com/viec-lam-it/sr-fullstack-dev-net-java-reactjs-hanwha-life-vietnam-0424?lab_feature=preview_jd_page
210,15 Java Web Dev (Spring/ReactJS) ~$3000,CODE88 COMPANY LIMITED,"
Singapore
",Ha Noi,23 ngày trước,https://itviec.com/viec-lam-it/15-java-web-dev-spring-reactjs-3000-code88-company-limited-0251?lab_feature=preview_jd_page
211,Sr. Backend Engineer (Java/Scala/Kotlin),GIVE.Asia,"
Singapore
",Ho Chi Minh,23 ngày trước,https://itviec.com/viec-lam-it/sr-backend-engineer-java-scala-kotlin-give-asia-4358?lab_feature=preview_jd_page
212,Java Software Engineer (SQL/OOP/Spring),CompaxDigital,"
Austria
",Ha Noi,23 ngày trước,https://itviec.com/viec-lam-it/java-software-engineer-sql-oop-spring-compaxdigital-3908?lab_feature=preview_jd_page
213,Unity Games Developer (Java),OSBOM TECHNOLOGY,"
Vietnam
",Ho Chi Minh,23 ngày trước,https://itviec.com/viec-lam-it/unity-games-developer-java-osbom-technology-1718?lab_feature=preview_jd_page
214,"Backend Developers (Java, C#, .NET)",Công Ty Cổ Phần A.R.T,"
Vietnam
",Ho Chi Minh,24 ngày trước,https://itviec.com/viec-lam-it/backend-developers-java-c-net-cong-ty-co-phan-a-r-t-1247?lab_feature=preview_jd_page
215,IT - Software Developer (Java/ .NET),Ngân Hàng Á Châu | ACB,"
Vietnam
",Ho Chi Minh,24 ngày trước,https://itviec.com/viec-lam-it/it-software-developer-java-net-ngan-hang-a-chau-acb-1342?lab_feature=preview_jd_page
216,"Android Developer (Java, Kotlin)",Gotadi,"
Thứ 2 - Thứ 6
",Ha Noi,25 ngày trước,https://itviec.com/viec-lam-it/android-developer-java-kotlin-gotadi-4310?lab_feature=preview_jd_page
217,Backend Dev (Java/NodeJS/Blockchain),AIDEAVN,"
Vietnam
",Ha Noi,25 ngày trước,https://itviec.com/viec-lam-it/backend-dev-java-nodejs-blockchain-aideavn-3115?lab_feature=preview_jd_page
218,Backend Developer (Java/NodeJS/Golang),Difisoft Viet Nam JSC,"
Vietnam
",Ha Noi,25 ngày trước,https://itviec.com/viec-lam-it/backend-developer-java-nodejs-golang-difisoft-viet-nam-jsc-2252?lab_feature=preview_jd_page
219,Fullstack Developer Java/ReactJS/Angular,Hitachi Vantara,"
United States
",Ho Chi Minh,25 ngày trước,https://itviec.com/viec-lam-it/fullstack-developer-java-reactjs-angular-hitachi-vantara-3901?lab_feature=preview_jd_page
220,"Android Developer (Java, Kotlin) ","HACHIKIO CO.,LTD","
Vietnam
",Ha Noi,32 ngày trước,https://itviec.com/viec-lam-it/android-developer-java-kotlin-hachikio-co-ltd-0805?lab_feature=preview_jd_page
221,"Software Developer (Java, SQL, Kotlin)",PTDEV Technology Development,"
Vietnam
",Ha Noi,32 ngày trước,https://itviec.com/viec-lam-it/software-developer-java-sql-kotlin-ptdev-technology-development-4252?lab_feature=preview_jd_page
222,"Software Dev ( Java, Spring, Oracle)",Công ty cổ phần Cơ điện công trình MEC,"
Vietnam
",Ho Chi Minh,32 ngày trước,https://itviec.com/viec-lam-it/software-dev-java-spring-oracle-cong-ty-co-phan-co-dien-cong-trinh-mec-2041?lab_feature=preview_jd_page
223,"Backend Developer (Java, PHP, Python)",Genkin,"
Japan
",Ho Chi Minh,32 ngày trước,https://itviec.com/viec-lam-it/backend-developer-java-php-python-genkin-1250?lab_feature=preview_jd_page
224,"8 Backend Developers (Java, Spring)",Ngân hàng TMCP Tiên Phong | TPBank ,"
Vietnam
",Ha Noi,33 ngày trước,https://itviec.com/viec-lam-it/8-backend-developers-java-spring-ngan-hang-tmcp-tien-phong-tpbank-1023?lab_feature=preview_jd_page
225,DevOps Engineer (Java/AWS/Linux/Python),Magnolia,"
Switzerland
",Ha Noi,33 ngày trước,https://itviec.com/viec-lam-it/devops-engineer-java-aws-linux-python-magnolia-3502?lab_feature=preview_jd_page
226,C/Java Developers,MK Group,"
Vietnam
",Ho Chi Minh,33 ngày trước,https://itviec.com/viec-lam-it/c-java-developers-mk-group-2254?lab_feature=preview_jd_page
227,.NET Core(C# / ASP.NET / Java),CodeLink,"
Vietnam
",Ho Chi Minh,33 ngày trước,https://itviec.com/viec-lam-it/net-core-c-asp-net-java-codelink-2740?lab_feature=preview_jd_page
228,Senior Automation QA Engineer,Doctor Anywhere,"
Singapore
",Ha Noi,34 ngày trước,https://itviec.com/viec-lam-it/senior-automation-qa-engineer-doctor-anywhere-1542?lab_feature=preview_jd_page
229,Senior Automation Tester - Sign-on Bonus,Simpson Strong-Tie Vietnam,"
United States
",Ha Noi,34 ngày trước,https://itviec.com/viec-lam-it/senior-automation-tester-sign-on-bonus-simpson-strong-tie-vietnam-4233?lab_feature=preview_jd_page
230,Lead/Senior Android Engineer (Kotlin) - Sign on-bonus,NAB Innovation Centre Vietnam,"
Australia
",Ho Chi Minh,4 giờ trước,https://itviec.com/viec-lam-it/lead-senior-android-engineer-kotlin-nab-innovation-centre-vietnam-1147?lab_feature=preview_jd_page
231,DevOps Engineer- 2000$-2500$,Velacorp,"
Thứ 2 - Thứ 6
",Hot,4 giờ trước,https://itviec.com/viec-lam-it/devops-engineer-2000-2500-velacorp-5728?lab_feature=preview_jd_page
232,Software Test Manager/Test Lead,Bosch Global Software Technologies Company Limited,"
Germany
",Ho Chi Minh,2 ngày trước,https://itviec.com/viec-lam-it/software-test-manager-test-lead-bosch-global-software-technologies-company-limited-0048?lab_feature=preview_jd_page
233,[TG2] Solution Architect (Cloud) - 2Z089,TNG Holdings Vietnam,"
Vietnam
",Ha Noi,2 ngày trước,https://itviec.com/viec-lam-it/tg2-solution-architect-cloud-2z089-tng-holdings-vietnam-2916?lab_feature=preview_jd_page
234,Senior Data Engineer,Techcombank,"
Vietnam
",Hot,5 ngày trước,https://itviec.com/viec-lam-it/senior-data-engineer-techcombank-0355?lab_feature=preview_jd_page
235,Senior Mobile Developer (Android/iOS),FPT Software,"
Vietnam
",Ha Noi,5 ngày trước,https://itviec.com/viec-lam-it/senior-mobile-developer-android-ios-fpt-software-1945?lab_feature=preview_jd_page
236,Senior Android Developer,Trusting Social,"
Thứ 2 - Thứ 6
",Ho Chi Minh,4 giờ trước,https://itviec.com/viec-lam-it/senior-android-developer-trusting-social-3533?lab_feature=preview_jd_page
237,Backend Engineer (Blockchain Engineer),Kyber Network,"
Thứ 2 - Thứ 6
",Ha Noi,4 giờ trước,https://itviec.com/viec-lam-it/backend-engineer-blockchain-engineer-kyber-network-5518?lab_feature=preview_jd_page
238,Senior Golang developer,One Mount Group,"
Vietnam
",Ho Chi Minh,9 giờ trước,https://itviec.com/viec-lam-it/senior-golang-developer-one-mount-group-0522?lab_feature=preview_jd_page
239,Automation Tester,Laudert Vietnam,"
Germany
",Ha Noi,9 giờ trước,https://itviec.com/viec-lam-it/automation-tester-laudert-vietnam-0505?lab_feature=preview_jd_page
240,Senior QC (Tester/QA/ Kiểm thử phần mềm),VUIAPP by Nano Technologies,"
Vietnam
",Ha Noi,1 ngày trước,https://itviec.com/viec-lam-it/senior-tester-qa-qc-35m-vuiapp-by-nano-technologies-2428?lab_feature=preview_jd_page
241,BackEnd Developer (upto 2500$),Lozi,"
Vietnam
",Hot,1 ngày trước,https://itviec.com/viec-lam-it/backend-developer-upto-2500-lozi-3236?lab_feature=preview_jd_page
242,Application Security Engineer,Hung Thinh Corporation,"
Vietnam
",Ha Noi,1 ngày trước,https://itviec.com/viec-lam-it/application-security-engineer-hung-thinh-corporation-0810?lab_feature=preview_jd_page
243,Senior Android Mobile Engineer,Skedulo Vietnam,"
Australia
",Ho Chi Minh,1 ngày trước,https://itviec.com/viec-lam-it/senior-android-mobile-engineer-skedulo-vietnam-3453?lab_feature=preview_jd_page
244,Principal/Staff Software Engineer,Ninja Van Tech Lab,"
Singapore
",Hot,2 ngày trước,https://itviec.com/viec-lam-it/principal-staff-software-engineer-ninja-van-tech-lab-2502?lab_feature=preview_jd_page
245,Senior Software Engineer in QA ,Ninja Van Tech Lab,"
Singapore
",Ho Chi Minh,2 ngày trước,https://itviec.com/viec-lam-it/senior-software-engineer-in-qa-ninja-van-tech-lab-5547?lab_feature=preview_jd_page
246,Senior Software Architect (Android/iOS),Fossil Vietnam,"
United States
",Ho Chi Minh,3 ngày trước,https://itviec.com/viec-lam-it/senior-software-architect-android-ios-fossil-vietnam-5330?lab_feature=preview_jd_page
247,Software Architect,DIGI-TEXX VIETNAM,"
Germany
",Hot,3 ngày trước,https://itviec.com/viec-lam-it/software-architect-digi-texx-vietnam-5504?lab_feature=preview_jd_page
248,Senior Application Developer (e-Office),NOVAGROUP,"
Vietnam
",Ho Chi Minh,3 ngày trước,https://itviec.com/viec-lam-it/senior-application-developer-e-office-novagroup-5507?lab_feature=preview_jd_page
249,Senior Mobile Engineer (Flutter+Native),Xplor in partnership with Positive Thinking Company,"
United States
",Ho Chi Minh,3 ngày trước,https://itviec.com/viec-lam-it/senior-mobile-engineer-flutter-native-xplor-in-partnership-with-positive-thinking-company-4821?lab_feature=preview_jd_page
250,"Zalopay, Senior Data Scientist",VNG Corporation,"
Vietnam
",Hot,3 ngày trước,https://itviec.com/viec-lam-it/zalopay-senior-data-scientist-vng-corporation-2843?lab_feature=preview_jd_page
251,"Full Stack Engineer (Up to $3,500 Gross)",Talosix,"
United States
",Ho Chi Minh,3 ngày trước,https://itviec.com/viec-lam-it/full-stack-engineer-up-to-3-500-talosix-5838?lab_feature=preview_jd_page
252,Automation Test Engineer (Selenium),ELCA,"
Switzerland
",Ho Chi Minh,3 ngày trước,https://itviec.com/viec-lam-it/automation-test-engineer-selenium-elca-4821?lab_feature=preview_jd_page
253,Fresher Backend (Java /.Net),Kootoro Việt Nam,"
Vietnam
",Hot,3 ngày trước,https://itviec.com/viec-lam-it/fresher-backend-java-net-kootoro-viet-nam-2224?lab_feature=preview_jd_page
254,ICT Technical Business Analysis Officer,Shinhan Finance Vietnam,"
Vietnam
",Ho Chi Minh,3 ngày trước,https://itviec.com/viec-lam-it/ict-technical-business-analysis-officer-shinhan-finance-vietnam-1933?lab_feature=preview_jd_page
255,Senior Software Engineer,Hung Thinh Corporation,"
Vietnam
",Ho Chi Minh,3 ngày trước,https://itviec.com/viec-lam-it/senior-software-engineer-hung-thinh-corporation-2033?lab_feature=preview_jd_page
256,Nodejs Developer (Middle/Senior),Open Web Technology,"
Vietnam
",Hot,4 ngày trước,https://itviec.com/viec-lam-it/nodejs-developer-middle-senior-open-web-technology-0051?lab_feature=preview_jd_page
257,Software Engineer (C++),Linh AI,"
Singapore
",Ho Chi Minh,4 ngày trước,https://itviec.com/viec-lam-it/software-engineer-c-linh-ai-3637?lab_feature=preview_jd_page
258,Software Engineer,SoftwareONE Vietnam,"
Switzerland
",Ho Chi Minh,4 ngày trước,https://itviec.com/viec-lam-it/software-engineer-softwareone-vietnam-0144?lab_feature=preview_jd_page
259,Tuyển dụng Lập trình viên Backend,Công ty Cổ phần Tập đoàn mFunctions,"
Vietnam
",Hot,4 ngày trước,https://itviec.com/viec-lam-it/tuyen-dung-lap-trinh-vien-backend-cong-ty-co-phan-tap-doan-mfunctions-4835?lab_feature=preview_jd_page
260,Android Developer,Samsung Electronics HCMC CE Complex,"
South Korea
",Ho Chi Minh,8 ngày trước,https://itviec.com/viec-lam-it/android-developer-samsung-electronics-hcmc-ce-complex-2328?lab_feature=preview_jd_page
261,Tech Lead,Zuhlke Engineering Vietnam,"
Switzerland
",Ho Chi Minh,8 ngày trước,https://itviec.com/viec-lam-it/tech-lead-zuhlke-engineering-vietnam-2904?lab_feature=preview_jd_page
262,"Mobile Developer (Android, IOS)",LOTTE - HPT,"
South Korea
",Ho Chi Minh,8 ngày trước,https://itviec.com/viec-lam-it/mobile-developer-android-ios-lotte-hpt-3706?lab_feature=preview_jd_page
263,"Expert,DevOps Engineering (Cloud/Docker)",VPBank,"
Vietnam
",Ho Chi Minh,8 ngày trước,https://itviec.com/viec-lam-it/expert-devops-engineering-cloud-docker-vpbank-1202?lab_feature=preview_jd_page
264,Senior Backend Engineer - Golang,Be Group,"
Vietnam
",Ho Chi Minh,9 ngày trước,https://itviec.com/viec-lam-it/senior-backend-engineer-golang-be-group-2039?lab_feature=preview_jd_page
265,IT - IT Service Desk,Ngân Hàng Á Châu | ACB,"
Vietnam
",Ho Chi Minh,9 ngày trước,https://itviec.com/viec-lam-it/it-it-service-desk-ngan-hang-a-chau-acb-3325?lab_feature=preview_jd_page
266,Developer (Full stack & Back End),Sacombank,"
Vietnam
",Ha Noi,9 ngày trước,https://itviec.com/viec-lam-it/developer-full-stack-back-end-sacombank-2056?lab_feature=preview_jd_page
267,Senior Android Engineer,NAVER VIETNAM,"
South Korea
",Ha Noi,9 ngày trước,https://itviec.com/viec-lam-it/senior-android-engineer-naver-vietnam-4802?lab_feature=preview_jd_page
268,Web Automation Testers (QA QC),DEK Technologies,"
Australia
",Ho Chi Minh,9 ngày trước,https://itviec.com/viec-lam-it/web-automation-testers-qa-qc-dek-technologies-5912?lab_feature=preview_jd_page
269,"Data Scientist (Python, SQL)",DNSE,"
Vietnam
",Ho Chi Minh,9 ngày trước,https://itviec.com/viec-lam-it/data-scientist-python-sql-dnse-1058?lab_feature=preview_jd_page
270,Backend Team Leader (NodeJS),TokyoLife,"
Vietnam
",Ho Chi Minh,10 ngày trước,https://itviec.com/viec-lam-it/backend-team-leader-nodejs-tokyolife-2409?lab_feature=preview_jd_page
271,Data Engineer UPTO 2200$,YODY Fashion,"
Vietnam
",Ho Chi Minh,10 ngày trước,https://itviec.com/viec-lam-it/data-engineer-upto-2200-yody-fashion-4935?lab_feature=preview_jd_page
272,Automation Test Engineer,Skedulo Vietnam,"
Australia
",Ho Chi Minh,10 ngày trước,https://itviec.com/viec-lam-it/automation-tester-skedulo-vietnam-1641?lab_feature=preview_jd_page
273,Data Scientist,SoftwareONE Vietnam,"
Switzerland
",Ho Chi Minh,10 ngày trước,https://itviec.com/viec-lam-it/data-scientist-softwareone-vietnam-3914?lab_feature=preview_jd_page
274,Engineering/ Technical Manager ,Hung Thinh Corporation,"
Vietnam
",Ho Chi Minh,14 ngày trước,https://itviec.com/viec-lam-it/engineering-technical-manager-hung-thinh-corporation-5229?lab_feature=preview_jd_page
275,Junior/Senior Developer HYBRID 2500$ HN,"Bigtree Technology and Consulting Vietnam Co., Ltd.","
Vietnam
",Ho Chi Minh,14 ngày trước,https://itviec.com/viec-lam-it/junior-senior-developer-hn-hybrid-2500-bigtree-technology-and-consulting-vietnam-co-ltd-3125?lab_feature=preview_jd_page
276,Technical Director ~7k - Hybrid,LeapXpert,"
Hong Kong
",Ho Chi Minh,14 ngày trước,https://itviec.com/viec-lam-it/technical-director-leapxpert-0849?lab_feature=preview_jd_page
277,Software Engineer (Golang),Thuocsi.vn,"
Vietnam
",Ho Chi Minh,14 ngày trước,https://itviec.com/viec-lam-it/software-engineer-golang-thuocsi-vn-5921?lab_feature=preview_jd_page
278,"Mobile Developer (Android, iOS)",Smart City Vietnam,"
Vietnam
",Ha Noi,15 ngày trước,https://itviec.com/viec-lam-it/mobile-developer-android-ios-smart-city-vietnam-2211?lab_feature=preview_jd_page
279,"Mid/Senior QA Engineer (Selenium,Appium)",ShopBack,"
Singapore
",Ha Noi,15 ngày trước,https://itviec.com/viec-lam-it/mid-senior-qa-engineer-selenium-appium-shopback-0626?lab_feature=preview_jd_page
